93001008,ACOUGUEIRO
99081081,ADVOGADA
99081072,AJUDANTE DE MOTORISTA
93001002,ALMOXARIFE
99081054,ANALISTA CONTABIL
99081022,ANALISTA DE COMPRAS
99081079,ANALISTA DE DESENVOLVIMENTO JR
99081025,ANALISTA DE QUALIDADE
93004002,ANALISTA DE RH
95001075,ANALISTA FINANCEIRO
93001040,MENOR APRENDIZ
99081017,ASSISTENTE ADMINISTRATIVO 
99081046,ASSISTENTE CONTABIL
99081027,ASSISTENTE DE NUTRICAO
98001010,ASSISTENTE FINANCEIRO
93004006,ASSISTENTE FISCAL
93001139,ASSISTENTE RH
93007030,AUXILIAR DE COZINHA
93005002,AUXILIAR DE ALMOXARIFE
93002002,AUXILIAR DE SERVICOS GERAIS
93011090,AUXILIAR ESTOQUE
93001137,AUXILIAR FINANCEIRO
93001057,AUXILIAR LIMPEZA
93005013,AUXILIAR MAGAREFE
93001129,AUXILIAR OPERACIONAL
97001021,AUXILIAR  DE LIMPEZA
99081013,AUXILIAR ACOUGUE
99081037,AUXILIAR ADMINIST FINANCEIR
93003031,AUXILIAR ADMINISTRATIVO
93007014,AUXILIAR ALMOXARIFE
99081026,AUXILIAR CONTROLE DE QUALIDADE
93001038,AUXILIAR COZINHA
93003040,AUXILIAR DE  MANUTENCAO
99081036,AUXILIAR DE ACOUGUE
94001080,AUXILIAR DE ALMOXARIFE
98001003,AUXILIAR DE ESTOQUE
99081023,AUXILIAR DE NUTRICAO
99081065,AUXILIAR DE PADARIA
95001147,AUXILIAR DE RH
99081066,AUXILIAR DE SUPERVISAO
93004009,AUXILIAR FINANCEIRO
99081047,AUXILIAR FISCAL
93001102,AUXILIAR MAGAREFE
99081039,AUXILIAR OPERACIONAL
93001105,CHEFE DE COZINHA
93005088,COMPRADOR
95001112,CONFEITEIRO
95001107,CONTADOR
99081044,COORDENADORA RH
93001007,COPEIRA
93001018,COZINHEIRA
99081020,DIRETOR
99081061,ENCARREGADA DE LIMPEZA
99081050,ENCARREGADA OPERACIONAL
99081056,ENCARREGADO ADM OPERACIONAL
98001011,ENCARREGADO ADMINISTRATIVO
93001148,ENCARREGADO COZINHA
95001032,ENCARREGADO DE ESTOQUE
98001002,ENCARREGADO DE LIMPEZA
94001104,ENCARREGADO DO MANUTENCAO
99081041,ENCARREGADO OPERACIONAL ADMINI
98001006,ESTAGIARIO
99081078,ESTAGIARIO DE NUTRICAO
97001004,ESTOQUISTA
95001082,FATURISTA
93018148,FRUTEIRO
98001005,GERENTE ADMINISTRATIVO
93004017,GERENTE COMERCIAL
99081016,GERENTE COMERCIAL 1
99081051,GERENTE DE COMPRAS
99081033,GERENTE DE CUSTOS E CONTRATOS
95001020,GERENTE DE PRODUCAO
99081053,GERENTE DE VENDAS
99081032,GERENTE FINANCEIRO
99081021,GERENTE GERAL
98001001,GERENTE OPERACIONAL
93001055,GERENTE REGIONAL
95001127,GERENTE RH
99081035,JARDINEIRO
95001076,MAGAREFE
94009147,MANUTENCAO
99081073,MEIO OFICIAL
99081080,MOTORISTA
97001010,NUTRICIONISTA
99081068,PADEIRO
99081055,SUPERINTENDENTE
93003027,SUPERVISOR MANUTENCAO
99081034,SUPERVISOR DE POS VENDAS
93001060,SUPERVISOR DE RH
99081049,SUPERVISOR DE TRANSPORTE
99081012,Supervisor Operacional
93001014,SUPERVISORA
97001016,TECNICO EM  NUTRICAO
99081045,TECNICO EM MANUTENCAO
93004011,TECNICO SEGURANÃ‡A DO TRABALHO
96001001,VENDEDOR
